{"cameraMode":{"drawMode":0,"name":"Shaded","section":"Shading Mode"},"sceneLighting":false,"audioPlay":false,"sceneViewState":{"showFog":false,"showMaterialUpdate":false,"showSkybox":false,"showFlares":false,"showImageEffects":false,"showParticleSystems":false},"in2DMode":false,"pivot":{"x":-0.0032495856285095217,"y":0.008333921432495118,"z":0.008173167705535889},"rotation":{"x":-0.1484483927488327,"y":-0.6618872880935669,"z":0.13570836186408997,"w":-0.7221776843070984},"size":1.3829264640808106,"orthographic":false}