{"cameraMode":{"drawMode":0,"name":"Shaded","section":"Shading Mode"},"sceneLighting":true,"audioPlay":false,"sceneViewState":{"showFog":false,"showMaterialUpdate":false,"showSkybox":true,"showFlares":false,"showImageEffects":false,"showParticleSystems":false},"in2DMode":false,"pivot":{"x":-34.175048828125,"y":6.48645544052124,"z":6.564243316650391},"rotation":{"x":0.04448173567652702,"y":0.9261276125907898,"z":-0.11498997360467911,"w":0.35660701990127566},"size":68.84213256835938,"orthographic":false}