{"cameraMode":{"drawMode":0,"name":"Shaded","section":"Shading Mode"},"sceneLighting":false,"audioPlay":false,"sceneViewState":{"showFog":false,"showMaterialUpdate":false,"showSkybox":false,"showFlares":false,"showImageEffects":false,"showParticleSystems":false},"in2DMode":false,"pivot":{"x":7.232172966003418,"y":1.3417301177978516,"z":0.14741408824920655},"rotation":{"x":0.012847350910305977,"y":0.710774838924408,"z":-0.012614081613719464,"w":0.703248918056488},"size":7.670090675354004,"orthographic":false}