{"cameraMode":{"drawMode":0,"name":"Shaded","section":"Shading Mode"},"sceneLighting":true,"audioPlay":false,"sceneViewState":{"showFog":false,"showMaterialUpdate":false,"showSkybox":true,"showFlares":false,"showImageEffects":false,"showParticleSystems":false},"in2DMode":false,"pivot":{"x":4.063582420349121,"y":20.413768768310548,"z":-1.3499038219451905},"rotation":{"x":-0.33830082416534426,"y":0.36697179079055788,"z":-0.14550186693668366,"w":-0.8543539047241211},"size":6.7443528175354,"orthographic":false}